,Age,Height_cm,Weight_kg,BMI,Blood_Pressure_Systolic,Blood_Pressure_Diastolic,Heart_Rate,Blood_Glucose,HbA1c,Total_Cholesterol,HDL,LDL,Triglycerides,Sleep_Hours,Exercise_Hours_Per_Week,Daily_Walking_Minutes
Age,1.0,0.001334328899187663,0.003853038889947082,0.0029231419958980426,0.008586651210122217,-0.0014170423965712022,0.008125581936179621,0.00020121459949343188,0.0007727425887085143,-0.00152620130965524,0.0027614726874446,0.007009915081099168,0.004747245951157717,-0.004805953888968607,-0.0004338774264523439,0.0009442991841071774
Height_cm,0.001334328899187663,1.0,0.002123726342915742,-0.4824592249985159,0.0011601577339694473,-0.0022373921752034593,-0.010817569673243444,0.00039960573728749937,-0.002321861616819037,-0.0011066374863273872,-0.01238322527271097,-0.0003223935132188138,0.004305200879150863,0.004252760199403611,-0.007433229214619842,0.009433410909075379
Weight_kg,0.003853038889947082,0.002123726342915742,1.0,0.8629405909653689,-0.0030881712212217907,-0.0033184248277749575,-0.005661267289405199,-0.0008313386633188217,0.00912927696984639,0.010702170725328631,-0.0013565647309613286,0.00019260428347303674,0.00586642406292576,0.00421177572146424,-0.0029122523986090344,0.0007296172712913199
BMI,0.0029231419958980426,-0.4824592249985159,0.8629405909653689,1.0,-0.005094455384602805,-0.0007858588273137786,0.0009084272365387392,0.0008856792213919784,0.00800888449383021,0.008057461644823995,0.004784962560998908,0.0008858344473949969,0.003096910522366543,-1.5178701138399146e-05,0.0016921811851339215,-0.003261600547689505
Blood_Pressure_Systolic,0.008586651210122217,0.0011601577339694473,-0.0030881712212217907,-0.005094455384602805,1.0,0.033968929804029074,-0.005583899327598937,-0.0012483318851463107,-0.005499406663580496,0.0006080067346385296,0.008676918620682905,0.006090279036237454,-0.002969387917985727,-0.008015991766227427,-0.0012871872756167633,-0.003437622126453145
Blood_Pressure_Diastolic,-0.0014170423965712022,-0.0022373921752034593,-0.0033184248277749575,-0.0007858588273137786,0.033968929804029074,1.0,-0.008352654042031346,0.008863018305348176,-0.002328120339875824,-0.0009507506646952018,-0.0026645869357251346,0.0038600097998256677,-0.0012486937052687318,0.005307260415772614,-0.004532178051462152,-0.0018728466803614827
Heart_Rate,0.008125581936179621,-0.010817569673243444,-0.005661267289405199,0.0009084272365387392,-0.005583899327598937,-0.008352654042031346,1.0,-0.0021600711854099764,-0.008857615445129153,-0.002547414722110451,0.005783132194017754,-0.0005550782245829025,0.0002636323302280559,0.002995020228468585,-0.001405808229063418,0.006967712584372574
Blood_Glucose,0.00020121459949343188,0.00039960573728749937,-0.0008313386633188217,0.0008856792213919784,-0.0012483318851463107,0.008863018305348176,-0.0021600711854099764,1.0,0.005333835441837916,0.004110022938862719,0.0012729920316393987,0.004097602849808871,0.005732767923142629,0.0064213856739816074,-0.001610568200815036,0.0001466639224896335
HbA1c,0.0007727425887085143,-0.002321861616819037,0.00912927696984639,0.00800888449383021,-0.005499406663580496,-0.002328120339875824,-0.008857615445129153,0.005333835441837916,1.0,0.0026934976619930042,0.0052625599960410665,0.0003531361299855653,-0.0041325882929952595,-0.0043760789949123515,-0.004237311212011093,0.0016882476420055207
Total_Cholesterol,-0.00152620130965524,-0.0011066374863273872,0.010702170725328631,0.008057461644823995,0.0006080067346385296,-0.0009507506646952018,-0.002547414722110451,0.004110022938862719,0.0026934976619930042,1.0,-0.00829858692986056,0.002509485451977972,-0.0005194086827770558,-0.003623458365410435,-0.0006764943968858805,0.0063776266903881156
HDL,0.0027614726874446,-0.01238322527271097,-0.0013565647309613286,0.004784962560998908,0.008676918620682905,-0.0026645869357251346,0.005783132194017754,0.0012729920316393987,0.0052625599960410665,-0.00829858692986056,1.0,0.0004085800740718624,0.0028719989671464508,-0.00408747417220772,-0.00537441284295037,-0.0017766851278654605
LDL,0.007009915081099168,-0.0003223935132188138,0.00019260428347303674,0.0008858344473949969,0.006090279036237454,0.0038600097998256677,-0.0005550782245829025,0.004097602849808871,0.0003531361299855653,0.002509485451977972,0.0004085800740718624,1.0,-0.002905416922564616,0.0022268696997220262,-0.0006852344581677118,0.000890916572561184
Triglycerides,0.004747245951157717,0.004305200879150863,0.00586642406292576,0.003096910522366543,-0.002969387917985727,-0.0012486937052687318,0.0002636323302280559,0.005732767923142629,-0.0041325882929952595,-0.0005194086827770558,0.0028719989671464508,-0.002905416922564616,1.0,0.005782279507303317,-0.002964650240531295,0.0018490284077624477
Sleep_Hours,-0.004805953888968607,0.004252760199403611,0.00421177572146424,-1.5178701138399146e-05,-0.008015991766227427,0.005307260415772614,0.002995020228468585,0.0064213856739816074,-0.0043760789949123515,-0.003623458365410435,-0.00408747417220772,0.0022268696997220262,0.005782279507303317,1.0,-0.0023023176773952973,4.679525523314505e-05
Exercise_Hours_Per_Week,-0.0004338774264523439,-0.007433229214619842,-0.0029122523986090344,0.0016921811851339215,-0.0012871872756167633,-0.004532178051462152,-0.001405808229063418,-0.001610568200815036,-0.004237311212011093,-0.0006764943968858805,-0.00537441284295037,-0.0006852344581677118,-0.002964650240531295,-0.0023023176773952973,1.0,0.003077059010551167
Daily_Walking_Minutes,0.0009442991841071774,0.009433410909075379,0.0007296172712913199,-0.003261600547689505,-0.003437622126453145,-0.0018728466803614827,0.006967712584372574,0.0001466639224896335,0.0016882476420055207,0.0063776266903881156,-0.0017766851278654605,0.000890916572561184,0.0018490284077624477,4.679525523314505e-05,0.003077059010551167,1.0
